piece	TimeSig	KeySig	last_mc	last_mn	length_qb	last_mc_unfolded	last_mn_unfolded	length_qb_unfolded	volta_mcs	all_notes_qb	n_onsets	n_onset_positions	guitar_chord_count	form_label_count	label_count	annotated_key	harmony_version	annotators	reviewers	score_integrity	composed_start	composed_end	composed_source	composer	workTitle	movementNumber	movementTitle	workNumber	poet	lyricist	arranger	copyright	creationDate	mscVersion	platform	source	translator	title_text	subtitle_text	lyricist_text	composer_text	musescore	ms3_version	subdirectory	rel_path	has_drumset	ambitus	P86 (composer)	comments	originalFormat	pdf	typesetter	wikidata	viaf	musicbrainz	imslp	staff_1_ambitus	staff_1_instrument	staff_2_ambitus	staff_2_instrument
K001	1: 4/4	1: -1	31	31	124.0	62	62	248.0		264.5	705	450	0	0	89	d	2.3.0	unknown (0.0.0), Davor Krkljus (2.3.0)	DK, JH		1738	1739	Kirkpatrick Catalogue	Domenico Scarlatti	Sonata			K.1					2020-09-03	3.02	Microsoft Windows	http://musescore.com/user/32231854/scores/6325165		Sonata, K.1			Domenico Scarlatti	3.6.2	2.5.4	MS3	MS3/K001.mscx	False	38-84 (D2-C6)	Q167837			https://imslp.org/wiki/Special:ReverseLookup/314042	https://musescore.com/pongpob_c_	https://www.wikidata.org/wiki/Q6132112	https://viaf.org/viaf/178852701/	https://musicbrainz.org/work/4dad1f72-5f8d-3a63-ae31-799131026480	https://imslp.org/wiki/Keyboard_Sonata_in_D_minor%2C_K.1_(Scarlatti%2C_Domenico)	38-84 (D2-C6)	Harpsichord	40-69 (E2-A4)	Harpsichord
K002	1: 3/8	1: 1	78	78	117.0	156	156	234.0		215.0	590	418	0	0	146	G	2.3.0	unknown (0.0.0), Davor Krkljus (2.3.0)	DK, JH		1738	1739	Kirkpatrick Catalogue	Domenico Scarlatti	Sonata			K.2					2021-06-07		Linux	http://musescore.com/user/30223591/scores/6811597		Sonata, K.2			Domenico Scarlatti	3.6.2	2.5.4	MS3	MS3/K002.mscx	False	38-81 (D2-A5)	Q167837			https://imslp.org/wiki/Special:ReverseLookup/314042	https://musescore.com/leandro15	https://www.wikidata.org/wiki/Q67199887	https://viaf.org/viaf/293775750/	https://musicbrainz.org/work/a973d150-3732-42c5-bdb4-2429c8082b04	https://imslp.org/wiki/Keyboard_Sonata_in_G_major%2C_K.2_(Scarlatti%2C_Domenico)	55-81 (G3-A5)	Harpsichord	38-74 (D2-D5)	Harpsichord
K003	1: 2/2	1: 0	96	94	376.0	192	188	752.0		692.0	642	451	0	0	198	a	2.3.0	unknown (0.0.0), Davor Krkljus (2.3.0)	DK, JH		1738	1739	Kirkpatrick Catalogue	Domenico Scarlatti	Sonata			K.3					2019-08-01	3.02	Linux			Sonata, K.3			Domenico Scarlatti	3.6.2	2.5.4	MS3	MS3/K003.mscx	False	36-84 (C2-C6)	Q167837			https://imslp.org/wiki/Special:ReverseLookup/314042	Tom Schreyer	https://www.wikidata.org/wiki/Q67199888	https://viaf.org/viaf/292516333/	https://musicbrainz.org/work/c8066208-1574-4d83-b0ad-3526cb8a09a7	https://imslp.org/wiki/Keyboard_Sonata_in_A_minor%2C_K.3_(Scarlatti%2C_Domenico)	57-84 (A3-C6)	Harpsichord	36-64 (C2-E4)	Harpsichord
K004	1: 4/4	1: -2	41	39	156.0	82	78	312.0		359.5	949	612	0	0	208	g	2.3.0	unknown (0.0.0), Ehsan Mohagheghi Fard (2.3.0)	EMF, JH		1738	1739	Kirkpatrick Catalogue	Domenico Scarlatti	Sonata			K.4					2019-08-01	3.02	Linux			Sonata, K.4			Domenico Scarlatti	3.6.2	2.5.4	MS3	MS3/K004.mscx	False	38-84 (D2-C6)	Q167837			https://imslp.org/wiki/Special:ReverseLookup/314042	Tom Schreyer	https://www.wikidata.org/wiki/Q67199889	https://viaf.org/viaf/292628173/	https://musicbrainz.org/work/7db8669e-717d-4a5a-8fb1-84e86fa0c8b6	https://imslp.org/wiki/Keyboard_Sonata_in_G_minor%2C_K.4_(Scarlatti%2C_Domenico)	55-84 (G3-C6)	Harpsichord	38-70 (D2-Bb4)	Harpsichord
K005	1: 3/8	1: -1	90	90	135.0	180	180	270.0		309.25	707	475	0	0	126	d	2.3.0	unknown (0.0.0), Sylvie Tran (2.3.0)	ST, JH		1738	1739	Kirkpatrick Catalogue	Domenico Scarlatti	Sonata			K.5					2019-08-01	3.02	Linux			Sonata, K.5			Domenico Scarlatti	3.6.2	2.5.4	MS3	MS3/K005.mscx	False	38-84 (D2-C6)	Q167837			https://imslp.org/wiki/Special:ReverseLookup/314042	Tom Schreyer	https://www.wikidata.org/wiki/Q74594868	https://viaf.org/viaf/293025261/	https://musicbrainz.org/work/7f08449b-45b3-4060-b217-35b1c23b8627	https://imslp.org/wiki/Keyboard_Sonata_in_D_minor%2C_K.5_(Scarlatti%2C_Domenico)	50-84 (D3-C6)	Harpsichord	38-69 (D2-A4)	Harpsichord
K006	1: 3/8	1: -1	75	75	112.5	150	150	225.0		304.5	852	495	0	0	97	F	2.3.0	unknown (0.0.0), Ehsan Mohagheghi Fard (2.3.0)	EMF, JH		1738	1739	Kirkpatrick Catalogue	Domenico Scarlatti	Sonata			K.6					2019-08-01	3.02	Linux			Sonata, K.6			Domenico Scarlatti	3.6.2	2.5.4	MS3	MS3/K006.mscx	False	35-84 (B1-C6)	Q167837			https://imslp.org/wiki/Special:ReverseLookup/314042	Tom Schreyer	https://www.wikidata.org/wiki/Q67199891	https://viaf.org/viaf/293153065/	https://musicbrainz.org/work/cd3843ff-b024-451a-a49d-8d46dcec807a	https://imslp.org/wiki/Keyboard_Sonata_in_F_major%2C_K.6_(Scarlatti%2C_Domenico)	53-84 (F3-C6)	Harpsichord	35-67 (B1-G4)	Harpsichord
K007	1: 3/8	1: 0	155	155	232.5	310	310	465.0		565.75	1279	730	0	0	270	a	2.3.0	unknown (0.0.0), Davor Krkljus (2.3.0)	DK, AB		1738	1739	Kirkpatrick Catalogue	Domenico Scarlatti	Sonata			K.7					2019-08-01	3.02	Linux			Sonata, K.7			Domenico Scarlatti	3.6.2	2.5.4	MS3	MS3/K007.mscx	False	33-84 (A1-C6)	Q167837			https://imslp.org/wiki/Special:ReverseLookup/314042	Tom Schreyer	https://www.wikidata.org/wiki/Q67199892	https://viaf.org/viaf/175770689/	https://musicbrainz.org/work/06ff3a3d-99f5-4c07-a876-1531a164de60	https://imslp.org/wiki/Keyboard_Sonata_in_A_minor%2C_K.7_(Scarlatti%2C_Domenico)	57-84 (A3-C6)	Harpsichord	33-69 (A1-A4)	Harpsichord
K008	1: 3/4	1: -2	48	47	144.0	94	94	282.0	[[[47], [48]]]	534.25	568	303	0	0	183	g	2.3.0	unknown, Sylvie Tran (2.3.0)	ST, AB		1738	1739	Kirkpatrick Catalogue	Domenico Scarlatti	Sonata			K.8					2019-08-01	3.02	Linux			Sonata, K.8			Domenico Scarlatti	3.6.2	2.5.4	MS3	MS3/K008.mscx	False	38-81 (D2-A5)	Q167837			https://imslp.org/wiki/Special:ReverseLookup/314042	Tom Schreyer	https://www.wikidata.org/wiki/Q74594907	https://viaf.org/viaf/294380954/	https://musicbrainz.org/work/e3758ba8-8c0e-4c9b-a98a-313aa2bb9601	https://imslp.org/wiki/Keyboard_Sonata_in_G_minor%2C_K.8_(Scarlatti%2C_Domenico)	58-81 (Bb3-A5)	Harpsichord	38-67 (D2-G4)	Harpsichord
K009	1: 6/8	1: -1	62	60	180.0	124	120	360.0		495.0	665	390	0	0	142	d	2.3.0	unknown (0.0.0), Sylvie Tran (2.3.0)	ST, JH		1738	1739	Kirkpatrick Catalogue	Domenico Scarlatti	Sonata			K.9					2019-08-01	3.02	Linux			Sonata, K.9			Domenico Scarlatti	3.6.2	2.5.4	MS3	MS3/K009.mscx	False	33-84 (A1-C6)	Q167837			https://imslp.org/wiki/Special:ReverseLookup/314042	Tom Schreyer	https://www.wikidata.org/wiki/Q67199893	https://viaf.org/viaf/177407850/	https://musicbrainz.org/work/442d428d-de03-3f45-afd5-fff61685177e	https://imslp.org/wiki/Keyboard_Sonata_in_D_minor%2C_K.9_(Scarlatti%2C_Domenico)	53-84 (F3-C6)	Harpsichord	33-65 (A1-F4)	Harpsichord
K010	1: 3/8	1: -1	75	75	112.5	150	150	225.0		246.0	758	528	0	0	165	d	2.3.0	unknown (0.0.0), Davor Krkljus (2.3.0)	DK, ST		1738	1739	Kirkpatrick Catalogue	Domenico Scarlatti	Sonata			K.10					2019-08-01	3.02	Linux			Sonata, K.10			Domenico Scarlatti	3.6.2	2.5.4	MS3	MS3/K010.mscx	False	36-82 (C2-Bb5)	Q167837			https://imslp.org/wiki/Special:ReverseLookup/314042	Tom Schreyer	https://www.wikidata.org/wiki/Q74594884	https://viaf.org/viaf/293791536/	https://musicbrainz.org/work/b46621ff-c2c4-46c6-ba70-10f1fc826c4d	https://imslp.org/wiki/Keyboard_Sonata_in_D_minor%2C_K.10_(Scarlatti%2C_Domenico)	45-82 (A2-Bb5)	Harpsichord	36-74 (C2-D5)	Harpsichord
K011	1: 4/4	1: -3	28	28	112.0	56	56	224.0		240.0	478	307	0	0	101	c	2.3.0	unknown, Adrian Nagel (2.3.0)	DK		1738	1739	Kirkpatrick Catalogue	Domenico Scarlatti	Sonata			K.11					2019-08-01	3.02	Linux			Sonata, K.11			Domenico Scarlatti	3.6.2	2.5.4	MS3	MS3/K011.mscx	False	36-84 (C2-C6)	Q167837			https://imslp.org/wiki/Special:ReverseLookup/314042	Tom Schreyer	https://www.wikidata.org/wiki/Q67199894	https://viaf.org/viaf/182664459/	https://musicbrainz.org/work/bd777698-f344-3de2-bfa3-fad34d01ecf8	https://imslp.org/wiki/Keyboard_Sonata_in_C_minor%2C_K.11_(Scarlatti%2C_Domenico)	55-84 (G3-C6)	Harpsichord	36-67 (C2-G4)	Harpsichord
K012	1: 4/4	1: -2	49	48	196.0	96	96	384.0	[[[24], [25]]]	466.0	1244	781	0	0	281	g	2.3.0	unknown, Adrian Nagel (2.3.0)	DK		1738	1739	Kirkpatrick Catalogue	Domenico Scarlatti	Sonata			K.12					2019-08-01	3.02	Linux			Sonata, K.12			Domenico Scarlatti	3.6.2	2.5.4	MS3	MS3/K012.mscx	False	36-84 (C2-C6)	Q167837			https://imslp.org/wiki/Special:ReverseLookup/314042	Tom Schreyer	https://www.wikidata.org/wiki/Q67199895	https://viaf.org/viaf/6478158127393415150006/	https://musicbrainz.org/work/894395d8-f775-48c9-bde7-43f34c4d6532	https://imslp.org/wiki/Keyboard_Sonata_in_G_minor%2C_K.12_(Scarlatti%2C_Domenico)	50-84 (D3-C6)	Harpsichord	36-77 (C2-F5)	Harpsichord
K013	1: 2/4	1: 1	115	113	226.0	230	226	452.0		481.0	1353	851	0	0	240	G	2.3.0	unknown (0.0.0), Davor Krkljus (2.3.0)	DK		1738	1739	Kirkpatrick Catalogue	Domenico Scarlatti	Sonata			K.13					2019-08-01	3.02	Linux			Sonata, K.13			Domenico Scarlatti	3.6.2	2.5.4	MS3	MS3/K013.mscx	False	38-86 (D2-D6)	Q167837			https://imslp.org/wiki/Special:ReverseLookup/314042	Tom Schreyer	https://www.wikidata.org/wiki/Q67199896	https://viaf.org/viaf/9587154387328230970001/	https://musicbrainz.org/work/7d2ae68d-833a-3458-b820-fea3e7a85301	https://imslp.org/wiki/Keyboard_Sonata_in_G_major%2C_K.13_(Scarlatti%2C_Domenico)	50-86 (D3-D6)	Harpsichord	38-69 (D2-A4)	Harpsichord
K014	1: 12/8	1: 1	45	43	258.0	90	86	516.0		525.75	763	572	0	0	146	G	2.3.0	unknown (0.0.0), Davor Krkljus (2.3.0)	DK, ST		1738	1739	Kirkpatrick Catalogue	Domenico Scarlatti	Sonata			K.14					2019-08-01	3.02	Linux			Sonata, K.14			Domenico Scarlatti	3.6.2	2.5.4	MS3	MS3/K014.mscx	False	38-84 (D2-C6)	Q167837			https://imslp.org/wiki/Special:ReverseLookup/314042	Tom Schreyer	https://www.wikidata.org/wiki/Q74594918	https://viaf.org/viaf/294487978/	https://musicbrainz.org/work/6bfc46b6-549b-30bf-8f74-db8fdee95fc5	https://imslp.org/wiki/Keyboard_Sonata_in_G_major%2C_K.14_(Scarlatti%2C_Domenico)	54-84 (F#3-C6)	Harpsichord	38-71 (D2-B4)	Harpsichord
K017	1: 3/8	1: -1	129	129	193.5	258	258	387.0		438.5	947	594	0	0	198	F	2.3.0	unknown (0.0.0), Davor Krkljus (2.3.0)	DK, AB		1738	1739	Kirkpatrick Catalogue	Domenico Scarlatti	Sonata			K.17					2019-08-01	3.02	Linux			Sonata, K.17			Domenico Scarlatti	3.6.2	2.5.4	MS3	MS3/K017.mscx	False	36-84 (C2-C6)	Q167837			https://imslp.org/wiki/Special:ReverseLookup/314042	Tom Schreyer	https://www.wikidata.org/wiki/Q68677743	https://viaf.org/viaf/293933771/	https://musicbrainz.org/work/0a99970b-52c4-3dc8-b1a9-5d661f3fa20f	https://imslp.org/wiki/Keyboard_Sonata_in_F_major%2C_K.17_(Scarlatti%2C_Domenico)	48-84 (C3-C6)	Harpsichord	36-65 (C2-F4)	Harpsichord
K018	1: 4/4	1: -1	54	51	216.0	103	103	412.0	[[[26, 27], [28]], [[53], [54]]]	572.0	1481	854	0	0	272	d	2.3.0	unknown (0.0.0), Davor Krkljus (2.3.0)	DK, ST		1738	1739	Kirkpatrick Catalogue	Domenico Scarlatti	Sonata			K.18					2019-08-01	3.02	Linux			Sonata, K.18			Domenico Scarlatti	3.6.2	2.5.4	MS3	MS3/K018.mscx	False	38-84 (D2-C6)	Q167837	m. 27b does not exist; 26b proceeds to 28		https://imslp.org/wiki/Special:ReverseLookup/314042	Tom Schreyer	https://www.wikidata.org/wiki/Q67199897	https://viaf.org/viaf/292709019/	https://musicbrainz.org/work/82e6a9b0-9c63-404d-86fb-39156d05ce5f	https://imslp.org/wiki/Keyboard_Sonata_in_D_minor%2C_K.18_(Scarlatti%2C_Domenico)	52-84 (E3-C6)	Harpsichord	38-74 (D2-D5)	Harpsichord
K019	1: 2/4	1: -4	94	92	188.0	184	184	368.0	[[[38], [39]], [[93], [94]]]	426.0	1105	673	0	0	227	f	2.3.0	unknown (0.0.0), Davor Krkljus (2.3.0)	DK		1738	1739	Kirkpatrick Catalogue	Domenico Scarlatti	Sonata			K.19					2019-08-01	3.02	Linux			Sonata, K.19			Domenico Scarlatti	3.6.2	2.5.4	MS3	MS3/K019.mscx	False	36-84 (C2-C6)	Q167837			https://imslp.org/wiki/Special:ReverseLookup/314042	Tom Schreyer	https://www.wikidata.org/wiki/Q74594952	https://viaf.org/viaf/293714791/	https://musicbrainz.org/work/5dd212a0-8735-3dd6-ad48-6d6536905ee2	https://imslp.org/wiki/Keyboard_Sonata_in_F_minor%2C_K.19_(Scarlatti%2C_Domenico)	51-84 (Eb3-C6)	Harpsichord	36-70 (C2-Bb4)	Harpsichord
K020	1: 2/4	1: 4	102	102	204.0	204	204	408.0		470.0	963	505	0	0	146	E	2.3.0	unknown (0.0.0), Davor Krkljus (2.3.0)	DK, ST		1738	1739	Kirkpatrick Catalogue	Domenico Scarlatti	Sonata			K.20					2019-08-01	3.02	Linux			Sonata, K.20			Domenico Scarlatti	3.6.2	2.5.4	MS3	MS3/K020.mscx	False	35-84 (B1-C6)	Q167837			https://imslp.org/wiki/Special:ReverseLookup/314042	Tom Schreyer	https://www.wikidata.org/wiki/Q74594938	https://viaf.org/viaf/294198261/	https://musicbrainz.org/work/830a4b99-2cd5-40c3-a090-a389736633fc	https://imslp.org/wiki/Keyboard_Sonata_in_E_major%2C_K.20_(Scarlatti%2C_Domenico)	52-84 (E3-C6)	Harpsichord	35-64 (B1-E4)	Harpsichord
K021	1: 3/8	1: 2	150	150	225.0	300	300	450.0		507.0	1561	1020	0	0	270	D	2.3.0	unknown (0.0.0), Davor Krkljus (2.3.0)	DK, ST		1738	1739	Kirkpatrick Catalogue	Domenico Scarlatti	Sonata			K.21					2019-08-01	3.02	Linux			Sonata, K.21			Domenico Scarlatti	3.6.2	2.5.4	MS3	MS3/K021.mscx	False	38-83 (D2-B5)	Q167837			https://imslp.org/wiki/Special:ReverseLookup/314042	Tom Schreyer	https://www.wikidata.org/wiki/Q74594928	https://viaf.org/viaf/293768831/	https://musicbrainz.org/work/9be6b570-b7d9-4b5b-a8c4-c7ad0316b3e5	https://imslp.org/wiki/Keyboard_Sonata_in_D_major%2C_K.21_(Scarlatti%2C_Domenico)	52-83 (E3-B5)	Harpsichord	38-71 (D2-B4)	Harpsichord
K022	1: 2/4	1: -3	79	78	158.0	156	156	312.0	[[[36], [37]]]	323.75	928	616	0	0	207	c	2.3.0	unknown (0.0.0), Davor Krkljus (2.3.0)	DK, ST		1738	1739	Kirkpatrick Catalogue	Domenico Scarlatti	Sonata			K.22					2019-08-01	3.02	Linux			Sonata, K.22			Domenico Scarlatti	3.6.2	2.5.4	MS3	MS3/K022.mscx	False	36-84 (C2-C6)	Q167837			https://imslp.org/wiki/Special:ReverseLookup/314042	Tom Schreyer	https://www.wikidata.org/wiki/Q67199898	https://viaf.org/viaf/183639146/	https://musicbrainz.org/work/9ef82fff-5801-36ca-b1a7-9924e79c2fd1	https://imslp.org/wiki/Keyboard_Sonata_in_C_minor%2C_K.22_(Scarlatti%2C_Domenico)	55-84 (G3-C6)	Harpsichord	36-67 (C2-G4)	Harpsichord
K023	1: 4/4	1: 2	70	70	280.0	140	140	560.0		562.5	1552	1050	0	0	267	D	2.3.0	unknown (0.0.0), Davor Krkljus (2.3.0)	DK, ST		1738	1739	Kirkpatrick Catalogue	Domenico Scarlatti	Sonata			K.23					2022-03-10		Linux			Sonata, K.23			Domenico Scarlatti	3.6.2	2.5.4	MS3	MS3/K023.mscx	False	38-83 (D2-B5)	Q167837			https://imslp.org/wiki/Special:ReverseLookup/314042	Johannes Hentschel	https://www.wikidata.org/wiki/Q74594926	https://viaf.org/viaf/293454361/	https://musicbrainz.org/work/7db5ef52-0664-4bda-a344-1ea145feb7b8	https://imslp.org/wiki/Keyboard_Sonata_in_D_major%2C_K.23_(Scarlatti%2C_Domenico)	57-83 (A3-B5)	Harpsichord	38-78 (D2-F#5)	Harpsichord
K025	1: 2/4	1: 3	87	87	174.0	174	174	348.0		382.0	1128	718	0	0	278	f#	2.3.0	unknown (0.0.0), Davor Krkljus (2.3.0)	DK, ST		1738	1739	Kirkpatrick Catalogue	Domenico Scarlatti	Sonata			K.25					2019-08-01	3.02	Linux			Sonata, K.25			Domenico Scarlatti	3.6.2	2.5.4	MS3	MS3/K025.mscx	False	37-83 (C#2-B5)	Q167837			https://imslp.org/wiki/Special:ReverseLookup/314042	Tom Schreyer	https://www.wikidata.org/wiki/Q67199899	https://viaf.org/viaf/292930765/	https://musicbrainz.org/work/214bc87e-ea6f-3267-92c7-0901ff554d54	https://imslp.org/wiki/Keyboard_Sonata_in_F-sharp_minor%2C_K.25_(Scarlatti%2C_Domenico)	56-83 (G#3-B5)	Harpsichord	37-71 (C#2-B4)	Harpsichord
K027	1: 3/4	1: 2	69	67	201.0	138	134	402.0		425.5	999	753	0	0	204	b	2.3.0	unknown (0.0.0), Davor Krkljus (2.3.0)	DK, ST		1738	1739	Kirkpatrick Catalogue	Domenico Scarlatti	Sonata			K.27					2019-08-01	3.02	Linux			Sonata, K.27			Domenico Scarlatti	3.6.2	2.5.4	MS3	MS3/K027.mscx	False	34-83 (A#1-B5)	Q167837			https://imslp.org/wiki/Special:ReverseLookup/314042	Tom Schreyer	https://www.wikidata.org/wiki/Q67199901	https://viaf.org/viaf/185488039/	https://musicbrainz.org/work/1de803cd-2b67-38f3-9aae-18f616be4d80	https://imslp.org/wiki/Keyboard_Sonata_in_B_minor%2C_K.27_(Scarlatti%2C_Domenico)	55-83 (G3-B5)	Harpsichord	34-67 (A#1-G4)	Harpsichord
K031	1: 2/4, 43: 3/4, 48: 2/4	1: -2	114	114	233.0	228	228	466.0		534.75	1211	843	0	0	192	g	2.3.0	unknown (0.0.0), Davor Krkljus (2.3.0)	DK, ST		1739	1739	Kirkpatrick Catalogue	Domenico Scarlatti	Sonata			K.31					2019-08-01	3.02	Linux			Sonata, K.31			Domenico Scarlatti	3.6.2	2.5.4	MS3	MS3/K031.mscx	False	36-84 (C2-C6)	Q167837			https://imslp.org/wiki/Special:ReverseLookup/314042	Tom Schreyer	https://www.wikidata.org/wiki/Q74594922	https://viaf.org/viaf/293955538/	https://musicbrainz.org/work/9e6f0ba3-b6c3-4701-87fe-d9d9cd443cba	https://imslp.org/wiki/Keyboard_Sonata_in_G_minor%2C_K.31_(Scarlatti%2C_Domenico)	54-84 (F#3-C6)	Harpsichord	36-82 (C2-Bb5)	Harpsichord
K032	1: 3/8	1: -1	24	24	36.0	48	48	72.0		113.0	166	95	0	0	39	d	2.3.0	unknown (0.0.0), Davor Krkljus (2.3.0)	DK		1739	1739	Kirkpatrick Catalogue	Domenico Scarlatti	Sonata			K.32				Public Domain (PianoXML typeset)	2018-12-12	3.02	Linux	http://musescore.com/user/9292486/scores/5351471		Sonata, K.32			Domenico Scarlatti	3.6.2	2.5.4	MS3	MS3/K032.mscx	False	38-82 (D2-Bb5)	Q167837			https://imslp.org/wiki/Special:ReverseLookup/314042	https://musescore.com/user/9292486	https://www.wikidata.org/wiki/Q74594844	https://viaf.org/viaf/294107653/	https://musicbrainz.org/work/c466c92f-d82b-4deb-a24a-5c0b33cc78f4	https://imslp.org/wiki/Keyboard_Sonata_in_D_minor%2C_K.32_(Scarlatti%2C_Domenico)	61-82 (C#4-Bb5)	Harpsichord	38-64 (D2-E4)	Harpsichord
K033	1: 3/8, 9: 4/4, 11: 3/8, 16: 4/4, 18: 3/8	1: 2	119	119	188.5	238	238	377.0		431.0	1270	728	0	0	117	D	2.3.0	unknown (0.0.0), Davor Krkljus (2.3.0)	DK, AB		1739	1739	Kirkpatrick Catalogue	Domenico Scarlatti	Sonata			K.33					2019-08-01	3.02	Linux			Sonata, K.33			Domenico Scarlatti	3.6.2	2.5.4	MS3	MS3/K033.mscx	False	33-83 (A1-B5)	Q167837			https://imslp.org/wiki/Special:ReverseLookup/314042	Tom Schreyer	https://www.wikidata.org/wiki/Q67199903	https://viaf.org/viaf/185281131/	https://musicbrainz.org/work/443c6e16-e1cf-346b-a51c-e86eb1e842a8	https://imslp.org/wiki/Keyboard_Sonata_in_D_major%2C_K.33_(Scarlatti%2C_Domenico)	45-83 (A2-B5)	Harpsichord	33-79 (A1-G5)	Harpsichord
K034	1: 3/4	1: -1	28	28	84.0	56	56	168.0		166.0	215	137	0	0	67	d	2.3.0	unknown (0.0.0), Davor Krkljus (2.3.0)	DK		1739	1739	Kirkpatrick Catalogue	Domenico Scarlatti	Sonata			K.34					2022-03-09		Linux			Sonata, K.34			Domenico Scarlatti	3.6.2	2.5.4	MS3	MS3/K034.mscx	False	38-70 (D2-Bb4)	Q167837		mxl	https://imslp.org/wiki/Special:ReverseLookup/314042	Johannes Hentschel	https://www.wikidata.org/wiki/Q67199904	https://viaf.org/viaf/293478137/	https://musicbrainz.org/work/3affef9b-a888-4c12-bd58-62d18268edb2	https://imslp.org/wiki/Keyboard_Sonata_in_D_minor%2C_K.34_(Scarlatti%2C_Domenico)	52-70 (E3-Bb4)	Harpsichord	38-70 (D2-Bb4)	Harpsichord
K035	1: 4/4	1: -2	42	40	160.0	84	80	320.0		299.0	756	601	0	0	147	g	2.3.0	unknown (0.0.0), Davor Krkljus (2.3.0)	DK		1739	1739	Kirkpatrick Catalogue	Domenico Scarlatti	Sonata			K.35					2022-03-10		Linux			Sonata, K.35			Domenico Scarlatti	3.6.2	2.5.4	MS3	MS3/K035.mscx	False	38-84 (D2-C6)	Q167837			https://imslp.org/wiki/Special:ReverseLookup/314042	Johannes Hentschel	https://www.wikidata.org/wiki/Q67199905	https://viaf.org/viaf/292742557/	https://musicbrainz.org/work/b9306d1a-c31f-4059-a3d4-cb3c1cb5810f	https://imslp.org/wiki/Keyboard_Sonata_in_G_minor%2C_K.35_(Scarlatti%2C_Domenico)	60-84 (C4-C6)	Harpsichord	38-65 (D2-F4)	Harpsichord
K036	1: 3/8	1: 0	95	95	142.5	190	190	285.0		296.5	780	509	0	0	193	a	2.3.0	unknown (0.0.0), Davor Krkljus (2.3.0)	DK		1739	1739	Kirkpatrick Catalogue	Domenico Scarlatti	Sonata		Ñîí	K.36					2022-03-09		Linux			Sonata, K.36			Domenico Scarlatti	3.6.2	2.5.4	MS3	MS3/K036.mscx	False	36-84 (C2-C6)	Q167837		xml	https://imslp.org/wiki/Special:ReverseLookup/314042	Johannes Hentschel	https://www.wikidata.org/wiki/Q74594944	https://viaf.org/viaf/292518635/	https://musicbrainz.org/work/86b3f4d4-cc20-4350-8d52-cea415bd2e8a	https://imslp.org/wiki/Keyboard_Sonata_in_A_minor%2C_K.36_(Scarlatti%2C_Domenico)	48-84 (C3-C6)	Harpsichord	36-81 (C2-A5)	Harpsichord
K037	1: 4/4	1: -3	52	52	208.0	104	104	416.0		424.75	1100	743	0	0	179	c	2.3.0	unknown (0.0.0), Davor Krkljus (2.3.0)	DK		1739	1739	Kirkpatrick Catalogue	Domenico Scarlatti	Sonata			K.37					2019-08-01	3.02	Linux			Sonata, K.37			Domenico Scarlatti	3.6.2	2.5.4	MS3	MS3/K037.mscx	False	36-84 (C2-C6)	Q167837			https://imslp.org/wiki/Special:ReverseLookup/314042	Tom Schreyer	https://www.wikidata.org/wiki/Q74594934	https://viaf.org/viaf/294295908/	https://musicbrainz.org/work/d2a4cd8a-d15a-4211-8a81-517092cc60c4	https://imslp.org/wiki/Keyboard_Sonata_in_C_minor%2C_K.37_(Scarlatti%2C_Domenico)	55-84 (G3-C6)	Harpsichord	36-84 (C2-C6)	Harpsichord
K039	1: 4/4	1: 3	51	49	194.0	102	98	388.0		382.75	1033	713	0	0	217	A	2.3.0	unknown (0.0.0), Davor Krkljus (2.3.0)	DK		1739	1739	Kirkpatrick Catalogue	Domenico Scarlatti	Sonata			K.39					2019-08-01	3.02	Linux			Sonata, K.39			Domenico Scarlatti	3.6.2	2.5.4	MS3	MS3/K039.mscx	False	40-84 (E2-C6)	Q167837			https://imslp.org/wiki/Special:ReverseLookup/314042	Tom Schreyer	https://www.wikidata.org/wiki/Q67199907	https://viaf.org/viaf/178614938/	https://musicbrainz.org/work/3af2a03f-0e46-326f-8c0c-a76137e53fe4	https://imslp.org/wiki/Keyboard_Sonata_in_A_major%2C_K.39_(Scarlatti%2C_Domenico)	47-84 (B2-C6)	Harpsichord	40-81 (E2-A5)	Harpsichord
K040	1: 3/4	1: -3	24	24	72.0	48	48	144.0		184.5	193	106	0	0	53	c	2.3.0	unknown (0.0.0), Davor Krkljus (2.3.0)	DK		1739	1739	Kirkpatrick Catalogue	Domenico Scarlatti	Sonata			K.40					2019-08-01	3.02	Linux			Sonata, K.40			Domenico Scarlatti	3.6.2	2.5.4	MS3	MS3/K040.mscx	False	41-80 (F2-Ab5)	Q167837			https://imslp.org/wiki/Special:ReverseLookup/314042	Tom Schreyer	https://www.wikidata.org/wiki/Q74594901	https://viaf.org/viaf/292729143/	https://musicbrainz.org/work/f0073335-006f-4fbd-97a3-80e47dd74abc	https://imslp.org/wiki/Keyboard_Sonata_in_C_minor%2C_K.40_(Scarlatti%2C_Domenico)	62-80 (D4-Ab5)	Harpsichord	41-67 (F2-G4)	Harpsichord
K044	1: 3/8	1: -1	152	152	228.0	304	304	456.0		570.5	1441	855	0	0	208	F	2.3.0	unknown (0.0.0), Davor Krkljus (2.3.0)	DK, AB		1742	1742	Kirkpatrick Catalogue	Domenico Scarlatti	Sonata			K.44					2019-08-01	3.02	Linux			Sonata, K.44			Domenico Scarlatti	3.6.2	2.5.4	MS3	MS3/K044.mscx	False	36-85 (C2-Db6)	Q167837			https://imslp.org/wiki/Special:ReverseLookup/314042	Tom Schreyer	https://www.wikidata.org/wiki/Q74594793	https://viaf.org/viaf/294260428/	https://musicbrainz.org/work/a744293d-8265-4985-8990-7a4308a9eaed	https://imslp.org/wiki/Keyboard_Sonata_in_F_major%2C_K.44_(Scarlatti%2C_Domenico)	59-85 (B3-Db6)	Harpsichord	36-72 (C2-C5)	Harpsichord
K046	1: 2/2	1: 4	144	144	576.0	288	288	1152.0		1439.0	1530	925	0	0	321	E	2.3.0	unknown (0.0.0), Davor Krkljus (2.3.0)	DK		1742	1742	Kirkpatrick Catalogue	Domenico Scarlatti	Sonata			K.46					2019-08-01	3.02	Linux			Sonata, K.46			Domenico Scarlatti	3.6.2	2.5.4	MS3	MS3/K046.mscx	False	35-84 (B1-C6)	Q167837			https://imslp.org/wiki/Special:ReverseLookup/314042	Tom Schreyer	https://www.wikidata.org/wiki/Q67199910	https://viaf.org/viaf/293236023/	https://musicbrainz.org/work/b4b7a0b1-5ce8-412b-a2f9-5074b9948e7e	https://imslp.org/wiki/Keyboard_Sonata_in_E_major%2C_K.46_(Scarlatti%2C_Domenico)	49-84 (C#3-C6)	Harpsichord	35-70 (B1-A#4)	Harpsichord
K047	1: 4/4	1: -2	75	75	300.0	150	150	600.0		841.5	1320	752	0	0	309	Bb	2.3.0	unknown (0.0.0), Davor Krkljus (2.3.0)	DK		1742	1742	Kirkpatrick Catalogue	Domenico Scarlatti	Sonata			K.47					2019-08-01	3.02	Linux			Sonata, K.47			Domenico Scarlatti	3.6.2	2.5.4	MS3	MS3/K047.mscx	False	36-84 (C2-C6)	Q167837			https://imslp.org/wiki/Special:ReverseLookup/314042	Tom Schreyer	https://www.wikidata.org/wiki/Q78242976	https://viaf.org/viaf/292743534/	https://musicbrainz.org/work/25d271f0-e3d5-452a-92fc-0cb7e8d0bcd7	https://imslp.org/wiki/Keyboard_Sonata_in_B-flat_major%2C_K.47_(Scarlatti%2C_Domenico)	52-84 (E3-C6)	Harpsichord	36-84 (C2-C6)	Harpsichord
K048	1: 3/8	1: -3	124	124	186.0	187	187	280.5		415.0	1261	802	0	0	234	c	2.3.0	unknown (0.0.0), Davor Krkljus (2.3.0)	DK		1742	1742	Kirkpatrick Catalogue	Domenico Scarlatti	Sonata			K.48					2022-03-09		Linux			Sonata, K.48			Domenico Scarlatti	3.6.2	2.5.4	MS3	MS3/K048.mscx	False	36-84 (C2-C6)	Q167837		xml	https://imslp.org/wiki/Special:ReverseLookup/314042	Johannes Hentschel	https://www.wikidata.org/wiki/Q78242979	https://viaf.org/viaf/292934256/	https://musicbrainz.org/work/6587bdaf-996f-4ca8-9961-8d9e0db77ed7	https://imslp.org/wiki/Keyboard_Sonata_in_C_minor%2C_K.48_(Scarlatti%2C_Domenico)	36-84 (C2-C6)	Harpsichord	36-80 (C2-Ab5)	Harpsichord
K049	1: 2/2	1: 0	122	118	488.0	238	238	952.0	[[[49, 50], [51]], [[120, 121], [122]]]	1113.62	1487	992	0	0	270	C	2.3.0	unknown (0.0.0), Davor Krkljus (2.3.0)	DK, AB		1742	1742	Kirkpatrick Catalogue	Domenico Scarlatti	Sonata			K.49					2019-08-01	3.02	Linux			Sonata, K.49			Domenico Scarlatti	3.6.2	2.5.4	MS3	MS3/K049.mscx	False	31-84 (G1-C6)	Q167837	Second ending in m. 51 is the beginning of a repeated section: not excluding it from measure numbering		https://imslp.org/wiki/Special:ReverseLookup/314042	Tom Schreyer	https://www.wikidata.org/wiki/Q78242981	https://viaf.org/viaf/293674566/	https://musicbrainz.org/work/d79ba9d8-22f3-4ca2-b52e-9800e958b76b	https://imslp.org/wiki/Keyboard_Sonata_in_C_major%2C_K.49_(Scarlatti%2C_Domenico)	50-84 (D3-C6)	Harpsichord	31-84 (G1-C6)	Harpsichord
K050	1: 3/8	1: -4	159	159	238.5	318	318	477.0		537.12	1355	872	0	0	246	f	2.3.0	unknown (0.0.0), Davor Krkljus (2.3.0)	DK, AB		1742	1742	Kirkpatrick Catalogue	Domenico Scarlatti	Sonata			K.50					2022-03-10		Linux			Sonata, K.50			Domenico Scarlatti	3.6.2	2.5.4	MS3	MS3/K050.mscx	False	36-84 (C2-C6)	Q167837			https://imslp.org/wiki/Special:ReverseLookup/314042	Johannes Hentschel	https://www.wikidata.org/wiki/Q74594967	https://viaf.org/viaf/292877386/	https://musicbrainz.org/work/bbec1b52-63ab-4825-ad06-67c42c75e04a	https://imslp.org/wiki/Keyboard_Sonata_in_F_minor%2C_K.50_(Scarlatti%2C_Domenico)	55-84 (G3-C6)	Harpsichord	36-84 (C2-C6)	Harpsichord
K051	1: 4/4, 22: 2/4, 23: 4/4, 47: 2/4	1: -3	47	47	184.0	94	94	368.0		411.5	1087	714	0	0	257	Eb	2.3.0	unknown (0.0.0), Davor Krkljus (2.3.0)	DK		1742	1742	Kirkpatrick Catalogue	Domenico Scarlatti	Sonata			K.51					2019-08-01	3.02	Linux			Sonata, K.51			Domenico Scarlatti	3.6.2	2.5.4	MS3	MS3/K051.mscx	False	39-84 (Eb2-C6)	Q167837			https://imslp.org/wiki/Special:ReverseLookup/314042	Tom Schreyer	https://www.wikidata.org/wiki/Q77262843	https://viaf.org/viaf/294089344/	https://musicbrainz.org/work/728f0adb-15ce-492f-a278-f574d84a5fb2	https://imslp.org/wiki/Keyboard_Sonata_in_E-flat_major%2C_K.51_(Scarlatti%2C_Domenico)	55-84 (G3-C6)	Harpsichord	39-72 (Eb2-C5)	Harpsichord
K052	1: 4/4	1: -1	57	55	225.5	110	110	437.5	[[[24], [25]], [[56], [57]]]	836.0	1281	513	0	0	378	d	2.3.0	unknown (0.0.0), Davor Krkljus (2.3.0)	DK		1742	1742	Kirkpatrick Catalogue	Domenico Scarlatti	Sonata			K.52					2019-08-01	3.02	Linux			Sonata, K.52			Domenico Scarlatti	3.6.2	2.5.4	MS3	MS3/K052.mscx	False	36-84 (C2-C6)	Q167837			https://imslp.org/wiki/Special:ReverseLookup/314042	Tom Schreyer	https://www.wikidata.org/wiki/Q74594830	https://viaf.org/viaf/186143945/	https://musicbrainz.org/work/51058ec2-0157-3581-b10a-5c90250980fb	https://imslp.org/wiki/Keyboard_Sonata_in_D_minor%2C_K.52_(Scarlatti%2C_Domenico)	54-84 (F#3-C6)	Harpsichord	36-72 (C2-C5)	Harpsichord
K053	1: 2/2	1: 2	100	100	400.0	200	200	800.0		793.5	924	740	0	0	135	D	2.3.0	unknown (0.0.0), Davor Krkljus (2.3.0)	DK, AB		1742	1742	Kirkpatrick Catalogue	Domenico Scarlatti	Sonata			K.53					2019-08-01	3.02	Linux			Sonata, K.53			Domenico Scarlatti	3.6.2	2.5.4	MS3	MS3/K053.mscx	False	33-83 (A1-B5)	Q167837			https://imslp.org/wiki/Special:ReverseLookup/353449	Tom Schreyer	https://www.wikidata.org/wiki/Q67199911	https://viaf.org/viaf/294438947/	https://musicbrainz.org/work/bb858e2d-85ee-4abb-a19d-d6fe622a77c5	https://imslp.org/wiki/Keyboard_Sonata_in_D_major%2C_K.53_(Scarlatti%2C_Domenico)	49-83 (C#3-B5)	Harpsichord	33-83 (A1-B5)	Harpsichord
K054	1: 12/8	1: 0	58	57	348.0	115	114	690.0	[[[27], [28]]]	950.5	1181	669	0	0	202	a	2.3.0	unknown (0.0.0), Davor Krkljus (2.3.0)	DK		1742	1742	Kirkpatrick Catalogue	Domenico Scarlatti	Sonata			K.54					2019-08-01	3.02	Linux			Sonata, K.54			Domenico Scarlatti	3.6.2	2.5.4	MS3	MS3/K054.mscx	False	33-86 (A1-D6)	Q167837			https://imslp.org/wiki/Special:ReverseLookup/353449	Tom Schreyer	https://www.wikidata.org/wiki/Q67199912	https://viaf.org/viaf/179684701/	https://musicbrainz.org/work/df067c04-27d2-328e-8812-57ead46c0ca6	https://imslp.org/wiki/Keyboard_Sonata_in_A_minor%2C_K.54_(Scarlatti%2C_Domenico)	55-84 (G3-C6)	Harpsichord	33-86 (A1-D6)	Harpsichord
K055	1: 3/8	1: 1	133	133	199.5	266	266	399.0		419.0	1046	739	0	0	197	G	2.3.0	unknown (0.0.0), Davor Krkljus (2.3.0)	DK, AB		1742	1742	Kirkpatrick Catalogue	Domenico Scarlatti	Sonata		Sonata	K.55					2022-03-09		Linux			Sonata, K.55			Domenico Scarlatti	3.6.2	2.5.4	MS3	MS3/K055.mscx	False	33-84 (A1-C6)	Q167837		xml	https://imslp.org/wiki/Special:ReverseLookup/353449	Johannes Hentschel	https://www.wikidata.org/wiki/Q74594762	https://viaf.org/viaf/294302787/	https://musicbrainz.org/work/0b2faadc-e9ce-483b-a1fa-b0a42aa9146e	https://imslp.org/wiki/Keyboard_Sonata_in_G_major%2C_K.55_(Scarlatti%2C_Domenico)	52-84 (E3-C6)	Harpsichord	33-69 (A1-A4)	Harpsichord
K056	1: 12/8	1: -3	60	58	360.0	116	116	696.0	[[[30], [31]], [[59], [60]]]	933.0	1217	734	0	0	222	c	2.3.0	unknown (0.0.0), Davor Krkljus (2.3.0)	DK		1742	1742	Kirkpatrick Catalogue	Domenico Scarlatti	Sonata			K.56					2019-08-01	3.02	Linux			Sonata, K.56			Domenico Scarlatti	3.6.2	2.5.4	MS3	MS3/K056.mscx	False	36-86 (C2-D6)	Q167837			https://imslp.org/wiki/Special:ReverseLookup/353449	Tom Schreyer	https://www.wikidata.org/wiki/Q74594753	https://viaf.org/viaf/294060771/	https://musicbrainz.org/work/3fc100bc-cc2a-47db-b44d-edbdd1c1a797	https://imslp.org/wiki/Keyboard_Sonata_in_C_minor%2C_K.56_(Scarlatti%2C_Domenico)	36-84 (C2-C6)	Harpsichord	36-86 (C2-D6)	Harpsichord
K057	1: 3/8	1: -2	182	182	273.0	364	364	546.0		713.5	1471	894	0	0	311	Bb	2.3.0	unknown (0.0.0), Davor Krkljus (2.3.0)	DK, AB		1742	1742	Kirkpatrick Catalogue	Domenico Scarlatti	Sonata			K.57					2019-08-01	3.02	Linux			Sonata, K.57			Domenico Scarlatti	3.6.2	2.5.4	MS3	MS3/K057.mscx	False	34-84 (Bb1-C6)	Q167837			https://imslp.org/wiki/Special:ReverseLookup/353449	Tom Schreyer	https://www.wikidata.org/wiki/Q78166619	https://viaf.org/viaf/294167134/	https://musicbrainz.org/work/ce067202-e9d3-4219-9e55-682eec97be0e	https://imslp.org/wiki/Keyboard_Sonata_in_B-flat_major%2C_K.57_(Scarlatti%2C_Domenico)	36-84 (C2-C6)	Harpsichord	34-74 (Bb1-D5)	Harpsichord
K059	1: 4/4	1: -1	31	31	124.0	62	62	248.0		257.0	403	281	0	0	97	F	2.3.0	unknown (0.0.0), Davor Krkljus (2.3.0)	DK		1742	1742	Kirkpatrick Catalogue	Domenico Scarlatti	Sonata			K.59					2019-08-01	3.02	Linux			Sonata, K.59			Domenico Scarlatti	3.6.2	2.5.4	MS3	MS3/K059.mscx	False	31-84 (G1-C6)	Q167837			https://imslp.org/wiki/Special:ReverseLookup/353449	Tom Schreyer	https://www.wikidata.org/wiki/Q74594950	https://viaf.org/viaf/293706659/	https://musicbrainz.org/work/a1311cb9-1224-4788-b64b-4d0cc14284f5	https://imslp.org/wiki/Keyboard_Sonata_in_F_major%2C_K.59_(Scarlatti%2C_Domenico)	48-84 (C3-C6)	Harpsichord	31-67 (G1-G4)	Harpsichord
K061	1: 2/4	1: 0	156	156	312.0	156	156	312.0		806.75	1815	1183	0	0	268	a	2.3.0	unknown (0.0.0), Davor Krkljus (2.3.0)	DK, AB		1742	1742	Kirkpatrick Catalogue	Domenico Scarlatti	Sonata			K.61					2019-08-01	3.02	Linux			Sonata, K.61			Domenico Scarlatti	3.6.2	2.5.4	MS3	MS3/K061.mscx	False	40-84 (E2-C6)	Q167837			https://imslp.org/wiki/Special:ReverseLookup/353449	Tom Schreyer	https://www.wikidata.org/wiki/Q78242983	https://viaf.org/viaf/293398886/	https://musicbrainz.org/work/e968d9fe-6493-473f-a4b5-421b0f2aa2ed	https://imslp.org/wiki/Keyboard_Sonata_in_A_minor%2C_K.61_(Scarlatti%2C_Domenico)	57-84 (A3-C6)	Harpsichord	40-64 (E2-E4)	Harpsichord
K062	1: 3/8	1: 3	109	109	168.0	218	218	336.0		508.25	759	450	0	0	128	A	2.3.0	unknown (0.0.0), Davor Krkljus (2.3.0)	DK		1742	1742	Kirkpatrick Catalogue	Domenico Scarlatti	Sonata			K.62					2019-08-01	3.02	Linux			Sonata, K.62			Domenico Scarlatti	3.6.2	2.5.4	MS3	MS3/K062.mscx	False	40-84 (E2-C6)	Q167837			https://imslp.org/wiki/Special:ReverseLookup/353449	Tom Schreyer	https://www.wikidata.org/wiki/Q78239919	https://viaf.org/viaf/294574970/	https://musicbrainz.org/work/b93d5f53-ac77-4059-9176-69ff8fdbdc31	https://imslp.org/wiki/Keyboard_Sonata_in_A_major%2C_K.62_(Scarlatti%2C_Domenico)	52-84 (E3-C6)	Harpsichord	40-72 (E2-C5)	Harpsichord
K063	1: 2/4	1: 1	60	60	120.0	92	92	184.0		291.5	537	315	0	0	118	G	2.3.0	unknown (0.0.0), Davor Krkljus (2.3.0)	DK	Johannes Hentschel	1742	1742	Kirkpatrick Catalogue	Domenico Scarlatti	Sonata			K.63					2020-06-06	3.02	Microsoft Windows	http://musescore.com/user/28622382/scores/6522489		Sonata, K.63			Domenico Scarlatti	3.6.2	2.5.4	MS3	MS3/K063.mscx	False	38-83 (D2-B5)	Q167837			https://imslp.org/wiki/Special:ReverseLookup/353449	https://musescore.com/user/28622382	https://www.wikidata.org/wiki/Q74594848	https://viaf.org/viaf/294383693/	https://musicbrainz.org/work/62d22eeb-19ac-4169-80fc-d118781d517c	https://imslp.org/wiki/Keyboard_Sonata_in_G_major%2C_K.63_(Scarlatti%2C_Domenico)	59-83 (B3-B5)	Harpsichord	38-67 (D2-G4)	Harpsichord
K064	1: 2/4	1: -1	47	47	94.0	94	94	188.0		374.0	531	200	0	0	72	d	2.3.0	unknown (0.0.0), Davor Krkljus (2.3.0)	DK		1742	1742	Kirkpatrick Catalogue	Domenico Scarlatti	Sonata			K.64				Public Domain (PianoXML) - IMSLP280704 edition	2017-09-17	3.02	Apple Macintosh			Sonata, K.64			Domenico Scarlatti	3.6.2	2.5.4	MS3	MS3/K064.mscx	False	36-82 (C2-Bb5)	Q167837			https://imslp.org/wiki/Special:ReverseLookup/353449	https://musescore.com/user/9292486	https://www.wikidata.org/wiki/Q67199915	https://viaf.org/viaf/293142041/	https://musicbrainz.org/work/cea23a46-541c-4b94-b277-04ed124d63fa	https://imslp.org/wiki/Keyboard_Sonata_in_D_minor%2C_K.64_(Scarlatti%2C_Domenico)	57-82 (A3-Bb5)	Harpsichord	36-62 (C2-D4)	Harpsichord
K065	1: 3/8	1: 3	74	74	111.0	148	148	222.0		201.0	610	422	0	0	137	A	2.3.0	unknown (0.0.0), Davor Krkljus (2.3.0)	DK		1742	1742	Kirkpatrick Catalogue	Domenico Scarlatti	Sonata			K.65					2019-08-01	3.02	Linux			Sonata, K.65			Domenico Scarlatti	3.6.2	2.5.4	MS3	MS3/K065.mscx	False	40-83 (E2-B5)	Q167837			https://imslp.org/wiki/Special:ReverseLookup/353449	Tom Schreyer	https://www.wikidata.org/wiki/Q74594955	https://viaf.org/viaf/294488827/	https://musicbrainz.org/work/eea00670-9bc8-47fc-907a-ab5b2118f00b	https://imslp.org/wiki/Keyboard_Sonata_in_A_major%2C_K.65_(Scarlatti%2C_Domenico)	51-83 (D#3-B5)	Harpsichord	40-83 (E2-B5)	Harpsichord
K066	1: 4/4	1: -2	34	32	128.0	68	64	256.0		288.0	708	438	0	0	182	Bb	2.3.0	unknown (0.0.0), Davor Krkljus (2.3.0)	DK		1742	1742	Kirkpatrick Catalogue	Domenico Scarlatti	Sonata			K.66					2019-08-01	3.02	Linux			Sonata, K.66			Domenico Scarlatti	3.6.2	2.5.4	MS3	MS3/K066.mscx	False	36-84 (C2-C6)	Q167837			https://imslp.org/wiki/Special:ReverseLookup/353449	Tom Schreyer	https://www.wikidata.org/wiki/Q78242987	https://viaf.org/viaf/293865482/	https://musicbrainz.org/work/ffdd9f80-ccc2-426c-9fff-0e33e979e5f7	https://imslp.org/wiki/Keyboard_Sonata_in_B-flat_major%2C_K.66_(Scarlatti%2C_Domenico)	45-84 (A2-C6)	Harpsichord	36-79 (C2-G5)	Harpsichord
K067	1: 4/4	1: 3	22	22	88.0	44	44	176.0		165.75	485	338	0	0	88	f#	2.3.0	unknown (0.0.0), Davor Krkljus (2.3.0)	DK		1742	1742	Kirkpatrick Catalogue	Domenico Scarlatti	Sonata			K.67					2019-08-01	3.02	Linux			Sonata, K.67			Domenico Scarlatti	3.6.2	2.5.4	MS3	MS3/K067.mscx	False	37-83 (C#2-B5)	Q167837			https://imslp.org/wiki/Special:ReverseLookup/353449	Tom Schreyer	https://www.wikidata.org/wiki/Q67199916	https://viaf.org/viaf/184034495/	https://musicbrainz.org/work/d4370385-b44c-3000-bf3b-0646a8f0c340	https://imslp.org/wiki/Keyboard_Sonata_in_F-sharp_minor%2C_K.67_(Scarlatti%2C_Domenico)	61-83 (C#4-B5)	Harpsichord	37-68 (C#2-G#4)	Harpsichord
K068	1: 3/8	1: -3	116	116	174.0	232	232	348.0		385.0	844	579	0	0	157	Eb	2.3.0	unknown (0.0.0), Davor Krkljus (2.3.0)	DK, AB		1742	1742	Kirkpatrick Catalogue	Domenico Scarlatti	Sonata			K.68					2019-08-01	3.02	Linux			Sonata, K.68			Domenico Scarlatti	3.6.2	2.5.4	MS3	MS3/K068.mscx	False	41-84 (F2-C6)	Q167837			https://imslp.org/wiki/Special:ReverseLookup/353449	Tom Schreyer	https://www.wikidata.org/wiki/Q78242989	https://viaf.org/viaf/293224881/	https://musicbrainz.org/work/a491d562-1208-434d-8b94-cedb9ac70d51	https://imslp.org/wiki/Keyboard_Sonata_in_E-flat_major%2C_K.68_(Scarlatti%2C_Domenico)	53-84 (F3-C6)	Harpsichord	41-75 (F2-Eb5)	Harpsichord
K069	1: 3/4	1: -4	64	63	189.5	127	126	378.5		642.75	711	380	0	0	170	f	2.3.0	unknown (0.0.0), Davor Krkljus (2.3.0)	DK		1742	1742	Kirkpatrick Catalogue	Domenico Scarlatti	Sonata			K.69					2019-08-01	3.02	Linux			Sonata, K.69			Domenico Scarlatti	3.6.2	2.5.4	MS3	MS3/K069.mscx	False	41-84 (F2-C6)	Q167837			https://imslp.org/wiki/Special:ReverseLookup/353449	Tom Schreyer	https://www.wikidata.org/wiki/Q74594778	https://viaf.org/viaf/293512839/	https://musicbrainz.org/work/636d58d8-617d-3cc4-99c6-499060750ab4	https://imslp.org/wiki/Keyboard_Sonata_in_F_minor%2C_K.69_(Scarlatti%2C_Domenico)	41-84 (F2-C6)	Harpsichord	41-70 (F2-Bb4)	Harpsichord
K071	1: 4/4	1: 1	29	29	116.0	58	58	232.0		219.0	610	442	0	0	133	G	2.3.0	unknown (0.0.0), Davor Krkljus (2.3.0)	DK		1742	1742	Kirkpatrick Catalogue	Domenico Scarlatti	Sonata			K.71					2019-08-01	3.02	Linux			Sonata, K.71			Domenico Scarlatti	3.6.2	2.5.4	MS3	MS3/K071.mscx	False	38-84 (D2-C6)	Q167837			https://imslp.org/wiki/Special:ReverseLookup/353449	Tom Schreyer	https://www.wikidata.org/wiki/Q78242995	https://viaf.org/viaf/294420187/	https://musicbrainz.org/work/0aec69c9-cad0-4af3-a310-bdf246981dbb	https://imslp.org/wiki/Keyboard_Sonata_in_G_major%2C_K.71_(Scarlatti%2C_Domenico)	61-84 (C#4-C6)	Harpsichord	38-67 (D2-G4)	Harpsichord
K072	1: 4/4	1: 0	37	37	148.0	74	74	296.0		269.25	787	562	0	0	135	C	2.3.0	unknown (0.0.0), Davor Krkljus (2.3.0)	DK		1742	1742	Kirkpatrick Catalogue	Domenico Scarlatti	Sonata			K.72					2019-08-01	3.02	Linux			Sonata, K.72			Domenico Scarlatti	3.6.2	2.5.4	MS3	MS3/K072.mscx	False	36-84 (C2-C6)	Q167837			https://imslp.org/wiki/Special:ReverseLookup/353449	Tom Schreyer	https://www.wikidata.org/wiki/Q67199917	https://viaf.org/viaf/251006179/	https://musicbrainz.org/work/e9a5f36f-468a-45d6-a9b2-d20c345c023a	https://imslp.org/wiki/Keyboard_Sonata_in_C_major%2C_K.72_(Scarlatti%2C_Domenico)	60-84 (C4-C6)	Harpsichord	36-67 (C2-G4)	Harpsichord
K074	1: 2/4	1: 3	40	40	80.0	80	80	160.0		161.0	344	259	0	0	60	A	2.3.0	unknown (0.0.0), Davor Krkljus (2.3.0)	DK		1742	1742	Kirkpatrick Catalogue	Domenico Scarlatti	Sonata			K.74					2019-08-01	3.02	Linux			Sonata, K.74			Domenico Scarlatti	3.6.2	2.5.4	MS3	MS3/K074.mscx	False	40-83 (E2-B5)	Q167837			https://imslp.org/wiki/Special:ReverseLookup/353449	Tom Schreyer	https://www.wikidata.org/wiki/Q78243005	https://viaf.org/viaf/294330290/	https://musicbrainz.org/work/507d596d-eb12-4cd1-98a9-292e757c5c5b	https://imslp.org/wiki/Keyboard_Sonata_in_A_major%2C_K.74_(Scarlatti%2C_Domenico)	59-83 (B3-B5)	Harpsichord	40-64 (E2-E4)	Harpsichord
K075	1: 3/4	1: 1	45	45	135.0	90	90	270.0		417.0	465	260	0	0	98	G	2.3.0	unknown (0.0.0), Davor Krkljus (2.3.0)	DK		1742	1742	Kirkpatrick Catalogue	Domenico Scarlatti	Sonata			K.75					2019-08-01	3.02	Linux			Sonata, K.75			Domenico Scarlatti	3.6.2	2.5.4	MS3	MS3/K075.mscx	False	38-84 (D2-C6)	Q167837			https://imslp.org/wiki/Special:ReverseLookup/353449	Tom Schreyer	https://www.wikidata.org/wiki/Q78243008	https://viaf.org/viaf/293849738/	https://musicbrainz.org/work/26b9c741-fccc-4b8f-84d6-7752ffc94b46	https://imslp.org/wiki/Keyboard_Sonata_in_G_major%2C_K.75_(Scarlatti%2C_Domenico)	57-84 (A3-C6)	Harpsichord	38-66 (D2-F#4)	Harpsichord
K076	1: 3/8	1: -2	67	67	100.5	134	134	201.0		248.5	705	424	0	0	162	g	2.3.0	unknown (0.0.0), Davor Krkljus (2.3.0)	DK		1742	1742	Kirkpatrick Catalogue	Domenico Scarlatti	Sonata			K.76					2022-03-10		Linux			Sonata, K.76			Domenico Scarlatti	3.6.2	2.5.4	MS3	MS3/K076.mscx	False	38-82 (D2-Bb5)	Q167837			https://imslp.org/wiki/Special:ReverseLookup/353449	Johannes Hentschel	https://www.wikidata.org/wiki/Q78243012	https://viaf.org/viaf/294648374/	https://musicbrainz.org/work/c0b55f19-77b6-4e68-8a05-3d13b49b0561	https://imslp.org/wiki/Keyboard_Sonata_in_G_minor%2C_K.76_(Scarlatti%2C_Domenico)	42-82 (F#2-Bb5)	Harpsichord	38-67 (D2-G4)	Harpsichord
K087	1: 3/4	1: 2	70	70	210.0	140	140	420.0		712.5	853	418	0	0	201	b	2.3.0	unknown (0.0.0), Davor Krkljus (2.3.0)	DK		1742	1742	Kirkpatrick Catalogue	Domenico Scarlatti	Sonata			K.87					2018-01-15	3.02	Microsoft Windows	https://musescore.com/score/4891183		Sonata, K.87			Domenico Scarlatti	3.6.2	2.5.4	MS3	MS3/K087.mscx	False	35-83 (B1-B5)	Q167837			https://imslp.org/wiki/Special:ReverseLookup/353449	https://musescore.com/user/901466	https://www.wikidata.org/wiki/Q67199918	https://viaf.org/viaf/179429301/	https://musicbrainz.org/work/7d39f190-c744-3565-8718-dd507afd779a	https://imslp.org/wiki/Keyboard_Sonata_in_B_minor%2C_K.87_(Scarlatti%2C_Domenico)	35-83 (B1-B5)	Harpsichord	38-72 (D2-C5)	Harpsichord
K092	1: 3/4	1: -1	57	55	171.0	111	111	333.0	[[[55, 56], [57]]]	646.0	772	336	0	0	178	d	2.3.0	unknown (0.0.0), Davor Krkljus (2.3.0)	DK		1742	1742	Kirkpatrick Catalogue	Domenico Scarlatti	Sonata			K.92					2019-08-01	3.02	Linux			Sonata, K.92			Domenico Scarlatti	3.6.2	2.5.4	MS3	MS3/K092.mscx	False	38-84 (D2-C6)	Q167837			https://imslp.org/wiki/Special:ReverseLookup/353449	Tom Schreyer	https://www.wikidata.org/wiki/Q78243029	https://viaf.org/viaf/293856656/	https://musicbrainz.org/work/ffb2955c-ecf9-4b5a-bf80-5ef7fb7007e7	https://imslp.org/wiki/Keyboard_Sonata_in_D_minor%2C_K.92_(Scarlatti%2C_Domenico)	61-84 (C#4-C6)	Harpsichord	38-65 (D2-F4)	Harpsichord
K094	1: 3/8	1: -1	26	26	39.0	52	52	78.0		78.0	176	117	0	0	56	F	2.3.0	unknown (0.0.0), Davor Krkljus (2.3.0)	DK		1742	1746	https://fr.wikipedia.org/wiki/Sonate_K._97	Domenico Scarlatti	Sonata			K.94					2019-08-01	3.02	Linux			Sonata, K.94			Domenico Scarlatti	3.6.2	2.5.4	MS3	MS3/K094.mscx	False	41-86 (F2-D6)	Q167837			https://imslp.org/wiki/Special:ReverseLookup/353449	Tom Schreyer	https://www.wikidata.org/wiki/Q74594839	https://viaf.org/viaf/293189282/	https://musicbrainz.org/work/be3f33dd-3592-4b3c-bf40-9228161d6c05	https://imslp.org/wiki/Keyboard_Sonata_in_F_major%2C_K.94_(Scarlatti%2C_Domenico)	60-86 (C4-D6)	Harpsichord	41-60 (F2-C4)	Harpsichord
K095	1: 12/8	1: 0	25	23	138.0	50	46	276.0		288.5	407	281	0	0	47	C	2.3.0	unknown (0.0.0), Davor Krkljus (2.3.0)	DK		1742	1746	https://fr.wikipedia.org/wiki/Sonate_K._97	Domenico Scarlatti	Sonata			K.95					2019-08-01	3.02	Linux			Sonata, K.95			Domenico Scarlatti	3.6.2	2.5.4	MS3	MS3/K095.mscx	False	36-81 (C2-A5)	Q167837			https://imslp.org/wiki/Special:ReverseLookup/353449	Tom Schreyer	https://www.wikidata.org/wiki/Q67199921	https://viaf.org/viaf/293039120/	https://musicbrainz.org/work/ca5ecc1a-7601-4ca2-803c-2fa59ea76748	https://imslp.org/wiki/Keyboard_Sonata_in_C_major%2C_K.95_(Scarlatti%2C_Domenico)	36-81 (C2-A5)	Harpsichord	52-72 (E3-C5)	Harpsichord
K096	1: 3/8	1: 2	211	211	316.5	422	422	633.0		928.5	1596	798	0	0	357	D	2.3.0	unknown (0.0.0), Davor Krkljus (2.3.0)	DK, AB		1742	1746	https://fr.wikipedia.org/wiki/Sonate_K._97	Domenico Scarlatti	Sonata			K.96					2019-08-01	3.02	Linux			Sonata, K.96			Domenico Scarlatti	3.6.2	2.5.4	MS3	MS3/K096.mscx	False	33-86 (A1-D6)	Q167837			https://imslp.org/wiki/Special:ReverseLookup/353449	Tom Schreyer	https://www.wikidata.org/wiki/Q67199923	https://viaf.org/viaf/181668778/	https://musicbrainz.org/work/be495691-1719-39ea-9dbb-8cd793f07f0d	https://imslp.org/wiki/Keyboard_Sonata_in_D_major%2C_K.96_(Scarlatti%2C_Domenico)	52-86 (E3-D6)	Harpsichord	33-72 (A1-C5)	Harpsichord
K097	1: 3/8	1: -2	247	247	370.5	494	494	741.0		763.75	1370	880	0	0	207	g	2.3.0	unknown (0.0.0), Davor Krkljus (2.3.0)	DK, AB		1742	1746	https://fr.wikipedia.org/wiki/Sonate_K._97	Domenico Scarlatti	Sonata			K.97					2019-08-01	3.02	Linux			Sonata, K.97			Domenico Scarlatti	3.6.2	2.5.4	MS3	MS3/K097.mscx	False	38-87 (D2-Eb6)	Q167837			https://imslp.org/wiki/Special:ReverseLookup/353449	Tom Schreyer	https://www.wikidata.org/wiki/Q96373981	https://viaf.org/viaf/292389041/	https://musicbrainz.org/work/d0d92e6c-5605-435f-8427-746c236f19f9	https://imslp.org/wiki/Keyboard_Sonata_in_G_minor%2C_K.97_(Scarlatti%2C_Domenico)	51-87 (Eb3-Eb6)	Harpsichord	38-74 (D2-D5)	Harpsichord
K098	1: 3/8	1: 1	113	113	169.5	226	226	339.0		426.5	1110	569	0	0	165	e	2.3.0	unknown (0.0.0), Davor Krkljus (2.3.0)	DK, AB		1749	1749	Kirkpatrick Catalogue	Domenico Scarlatti	Sonata			K.98					2018-06-02	3.02	Linux	http://musescore.com/user/339551/scores/5123119		Sonata, K.98			Domenico Scarlatti	3.6.2	2.5.4	MS3	MS3/K098.mscx	False	38-84 (D2-C6)	Q167837			https://imslp.org/wiki/Special:ReverseLookup/353449	https://musescore.com/user/339551	https://www.wikidata.org/wiki/Q67199924	https://viaf.org/viaf/177261308/	https://musicbrainz.org/work/e8830311-b09e-4865-adde-2e5e923d5d1c	https://imslp.org/wiki/Keyboard_Sonata_in_E_minor%2C_K.98_(Scarlatti%2C_Domenico)	54-84 (F#3-C6)	Harpsichord	38-73 (D2-C#5)	Harpsichord
K099	1: 3/4	1: -3	86	86	258.0	172	172	516.0		692.75	1269	841	0	0	175	c	2.3.0	unknown (0.0.0), Davor Krkljus (2.3.0)	DK		1749	1749	Kirkpatrick Catalogue	Domenico Scarlatti	Sonata			K.99					2019-08-01	3.02	Linux			Sonata, K.99			Domenico Scarlatti	3.6.2	2.5.4	MS3	MS3/K099.mscx	False	36-84 (C2-C6)	Q167837			https://imslp.org/wiki/Special:ReverseLookup/353449	Tom Schreyer	https://www.wikidata.org/wiki/Q74594835	https://viaf.org/viaf/179274368/	https://musicbrainz.org/work/5afa216c-8efe-467f-b33b-bce9e702a23a	https://imslp.org/wiki/Keyboard_Sonata_in_C_minor%2C_K.99_(Scarlatti%2C_Domenico)	55-84 (G3-C6)	Harpsichord	36-84 (C2-C6)	Harpsichord
K100	1: 12/8	1: 0	50	50	300.0	100	100	600.0		709.0	878	581	0	0	144	C	2.3.0	unknown (0.0.0), Davor Krkljus (2.3.0)	DK		1749	1749	Kirkpatrick Catalogue	Domenico Scarlatti	Sonata			K.100					2019-08-01	3.02	Linux			Sonata, K.100			Domenico Scarlatti	3.6.2	2.5.4	MS3	MS3/K100.mscx	False	36-84 (C2-C6)	Q167837			https://imslp.org/wiki/Special:ReverseLookup/353449	Tom Schreyer	https://www.wikidata.org/wiki/Q67199925	https://viaf.org/viaf/292663647/	https://musicbrainz.org/work/2dd5e550-d27a-490f-80d8-e66bba0baa2f	https://imslp.org/wiki/Keyboard_Sonata_in_C_major%2C_K.100_(Scarlatti%2C_Domenico)	55-84 (G3-C6)	Harpsichord	36-84 (C2-C6)	Harpsichord
